{
 "run": 7,
 "ts": "2026-07-02T22:24:01",
 "frozen_ok": true,
 "scores": {
  "s3": 0.9931
 },
 "composite": null,
 "detail": {
  "s3": {
   "status_acc": 1.0,
   "precision": 1.0,
   "recall": 0.9774011299435028,
   "f1": 0.9885714285714285,
   "severity_acc": 1.0,
   "halluc_rate": 0.0,
   "halluc_per_report": 0.0,
   "n": 200,
   "latency_ms": 1150.4
  }
 }
}